segment,customers,revenue,predicted_clv_90d,revenue_at_risk,avg_churn_probability
Champions,1183,12467174.507,1895692.6001625038,176788.61801985672,0.18198942495890386
At Risk,2746,1774244.553,162091.92835492437,118454.3137156601,0.7988951198095116
Need Attention,853,785766.8910000001,158476.5922943933,78930.26407409423,0.5343407922166453
Big Spenders,293,1345804.393,186593.0771089695,74891.56293327882,0.39901352825221587
High Value At Risk,67,621132.872,79743.03147126659,52890.491359812026,0.6508183030505366
New Customers,357,185088.56,125976.47041091869,47395.536439793446,0.4308433952168637
Loyal Customers,379,564217.402,78135.00062862416,31545.75247935901,0.4179183199269941
